{
  "description" : null,
  "methods" : {
    "formData" : [ {
      "url" : {
        "value" : "/formData",
        "modified" : false
      },
      "method" : {
        "value" : "GET",
        "modified" : false
      },
      "accessSpecifier" : "APP_ONLY",
      "parameters" : {
        "fname" : {
          "name" : {
            "value" : "fname",
            "modified" : false
          },
          "in" : {
            "value" : "QUERY",
            "modified" : false
          },
          "required" : {
            "value" : false,
            "modified" : false
          }
        },
        "lname" : {
          "name" : {
            "value" : "lname",
            "modified" : false
          },
          "in" : {
            "value" : "QUERY",
            "modified" : false
          },
          "required" : {
            "value" : false,
            "modified" : false
          }
        }
      }
    } ],
    "sampleJavaOperation" : [ {
      "url" : {
        "value" : "/sampleJavaOperation",
        "modified" : false
      },
      "method" : {
        "value" : "GET",
        "modified" : false
      },
      "accessSpecifier" : "APP_ONLY",
      "parameters" : {
        "name" : {
          "name" : {
            "value" : "name",
            "modified" : false
          },
          "in" : {
            "value" : "QUERY",
            "modified" : false
          },
          "required" : {
            "value" : false,
            "modified" : false
          }
        },
        "request" : {
          "name" : {
            "value" : "request",
            "modified" : false
          },
          "in" : {
            "value" : "NONE",
            "modified" : false
          },
          "required" : {
            "value" : false,
            "modified" : false
          }
        }
      }
    } ]
  }
}