{
  "EmailServiceSendEmail" : {
    "_id" : "wm-EmailServiceSendEmail-wm.ServiceVariable-1589190415845",
    "name" : "EmailServiceSendEmail",
    "owner" : "Page",
    "category" : "wm.ServiceVariable",
    "dataBinding" : [ ],
    "type" : "object",
    "service" : "EmailService",
    "operation" : "sendEmail",
    "operationId" : "EmailController_sendEmail",
    "operationType" : "get",
    "serviceType" : "JavaService",
    "dataSet" : [ ],
    "isList" : false,
    "maxResults" : 20,
    "startUpdate" : false,
    "autoUpdate" : true,
    "inFlightBehavior" : "executeLast",
    "transformationRequired" : false,
    "saveInPhonegap" : false,
    "isDefault" : true,
    "controller" : "Email"
  },
  "JavaServiceData" : {
    "_id" : "wm-JavaServiceData-wm.ServiceVariable-1589190819272",
    "name" : "JavaServiceData",
    "owner" : "Page",
    "category" : "wm.ServiceVariable",
    "dataBinding" : [ ],
    "type" : "string",
    "service" : "FormJavaService",
    "operation" : "formData",
    "operationId" : "FormJavaController_formData",
    "operationType" : "get",
    "serviceType" : "JavaService",
    "dataSet" : [ ],
    "isList" : false,
    "maxResults" : 20,
    "startUpdate" : false,
    "autoUpdate" : true,
    "inFlightBehavior" : "executeLast",
    "transformationRequired" : false,
    "saveInPhonegap" : false,
    "controller" : "FormJava"
  },
  "sendMailVar" : {
    "_id" : "wm-sendMailVar-wm.ServiceVariable-1589187715914",
    "name" : "sendMailVar",
    "owner" : "Page",
    "category" : "wm.ServiceVariable",
    "dataBinding" : [ {
      "target" : "toEmailAddress",
      "value" : "rohit.desai@gmail.com",
      "type" : "string"
    }, {
      "target" : "emailSubject",
      "value" : "WaveStudio-Test",
      "type" : "string"
    }, {
      "target" : "emailMessage",
      "value" : "WaveStudio-Test Hello World!",
      "type" : "string"
    } ],
    "type" : "object",
    "service" : "EmailService",
    "operation" : "sendEmail",
    "operationId" : "EmailController_sendEmail",
    "operationType" : "get",
    "serviceType" : "JavaService",
    "dataSet" : [ ],
    "isList" : false,
    "maxResults" : 20,
    "startUpdate" : false,
    "autoUpdate" : true,
    "inFlightBehavior" : "executeLast",
    "transformationRequired" : false,
    "saveInPhonegap" : false,
    "controller" : "Email"
  }
}