{
  "customQueryVar" : {
    "_id" : "wm-customQueryVar-wm.ServiceVariable-1589466933924",
    "name" : "customQueryVar",
    "owner" : "Page",
    "category" : "wm.ServiceVariable",
    "dataBinding" : [ ],
    "type" : "com.cstn_dlea_searchscreen.hrdb.Employee",
    "service" : "hrdb",
    "operation" : "findEmployees",
    "operationId" : "EmployeeController_findEmployees",
    "operationType" : "get",
    "serviceType" : "DataService",
    "dataSet" : [ ],
    "isList" : true,
    "maxResults" : 20,
    "startUpdate" : false,
    "autoUpdate" : true,
    "inFlightBehavior" : "executeLast",
    "transformationRequired" : false,
    "saveInPhonegap" : false,
    "controller" : "Employee"
  }
}