{
  "appNotification" : {
    "_id" : "wm-appErrorHandler-wm.NotificationVariable-1454664620943",
    "name" : "appNotification",
    "owner" : "App",
    "category" : "wm.NotificationVariable",
    "dataBinding" : [ {
      "target" : "class",
      "value" : "Error",
      "type" : "list"
    }, {
      "target" : "toasterPosition",
      "value" : "bottom right",
      "type" : "list"
    } ],
    "operation" : "toast"
  },
  "goToPage_Department" : {
    "_id" : "wm-goToPage_Department-wm.NavigationVariable-1589465488986",
    "name" : "goToPage_Department",
    "owner" : "App",
    "category" : "wm.NavigationVariable",
    "dataBinding" : [ ],
    "operation" : "gotoPage",
    "pageName" : "Department",
    "dataSet" : [ ],
    "pageTransitions" : "none"
  },
  "goToPage_Employee" : {
    "_id" : "wm-goToPage_Employee-wm.NavigationVariable-1589464703309",
    "name" : "goToPage_Employee",
    "owner" : "App",
    "category" : "wm.NavigationVariable",
    "dataBinding" : [ {
      "target" : "pageName",
      "value" : "Employee",
      "type" : "string"
    } ],
    "operation" : "gotoPage",
    "pageName" : "Employee",
    "dataSet" : [ {
      "type" : "integer",
      "target" : "deptid",
      "value" : "bind:Widgets.DepartmentTable1.selecteditem.deptId"
    } ],
    "pageTransitions" : "none"
  },
  "goToPage_Main" : {
    "_id" : "wm-wm.NavigationVariable1389180517517",
    "name" : "goToPage_Main",
    "owner" : "App",
    "category" : "wm.NavigationVariable",
    "operation" : "gotoPage",
    "pageName" : "Main"
  },
  "goToPage_SampleList" : {
    "_id" : "wm-goToPage_SampleList-wm.NavigationVariable-1589466885587",
    "name" : "goToPage_SampleList",
    "owner" : "App",
    "category" : "wm.NavigationVariable",
    "dataBinding" : [ ],
    "operation" : "gotoPage",
    "pageName" : "SampleList",
    "dataSet" : [ ],
    "pageTransitions" : "none"
  },
  "supportedLocale" : {
    "_id" : "wm-wm.Variable1402640443182",
    "name" : "supportedLocale",
    "owner" : "App",
    "category" : "wm.Variable",
    "dataSet" : {
      "en" : "English"
    },
    "type" : "string",
    "isList" : false,
    "saveInPhonegap" : false
  }
}