{
  "HrdbGetEmployee" : {
    "_id" : "wm-HrdbGetEmployee-wm.ServiceVariable-1589463580689",
    "name" : "HrdbGetEmployee",
    "owner" : "Page",
    "category" : "wm.ServiceVariable",
    "dataBinding" : [ {
      "target" : "empId",
      "value" : "1",
      "type" : "integer"
    } ],
    "type" : "com.cstn_dlea_searchscreen.hrdb.Employee",
    "service" : "hrdb",
    "operation" : "getEmployee",
    "operationId" : "EmployeeController_getEmployee",
    "operationType" : "get",
    "serviceType" : "DataService",
    "dataSet" : [ ],
    "isList" : false,
    "maxResults" : 20,
    "startUpdate" : true,
    "autoUpdate" : true,
    "inFlightBehavior" : "executeLast",
    "transformationRequired" : false,
    "saveInPhonegap" : false,
    "isDefault" : true,
    "controller" : "Employee"
  }
}