{
  "enforceSecurity" : false,
  "loginConfig" : {
    "type" : "PAGE",
    "pageName" : "Login",
    "sessionTimeout" : {
      "type" : "DIALOG",
      "pageName" : null,
      "timeoutValue" : 30
    }
  },
  "rememberMeConfig" : {
    "enabled" : true,
    "tokenValiditySeconds" : 1296000
  },
  "tokenAuthConfig" : {
    "enabled" : true,
    "parameter" : "WM_AUTH_TOKEN",
    "tokenValiditySeconds" : 1800
  },
  "csrfConfig" : {
    "enforceCsrfSecurity" : true,
    "headerName" : "X-WM-XSRF-TOKEN"
  },
  "authProviders" : { }
}