{
  "exceptionDocumentNotificationAction" : {
    "_id" : "wm-exceptionDocumentNotificationAction-wm.NotificationVariable-1589622083641",
    "name" : "exceptionDocumentNotificationAction",
    "owner" : "Page",
    "category" : "wm.NotificationVariable",
    "dataBinding" : [ {
      "target" : "text",
      "value" : "Have You Uploaded Required Exception Document?",
      "type" : "string"
    }, {
      "target" : "title",
      "value" : "Exception Document Notification",
      "type" : "string"
    } ],
    "operation" : "confirm",
    "onOk" : "exceptionDocumentNotificationActiononOk(variable, data, options)"
  },
  "sendEmailNotificationJavaVar" : {
    "_id" : "wm-sendEmailNotificationJavaVar-wm.ServiceVariable-1589622787122",
    "name" : "sendEmailNotificationJavaVar",
    "owner" : "Page",
    "category" : "wm.ServiceVariable",
    "dataBinding" : [ ],
    "type" : "object",
    "service" : "EmailService",
    "operation" : "sendEmail",
    "operationId" : "EmailController_sendEmail",
    "operationType" : "get",
    "serviceType" : "JavaService",
    "dataSet" : [ ],
    "isList" : false,
    "maxResults" : 20,
    "startUpdate" : false,
    "autoUpdate" : true,
    "inFlightBehavior" : "executeLast",
    "transformationRequired" : false,
    "saveInPhonegap" : false,
    "controller" : "Email"
  }
}